74,54,9774,30233,9432,4953,8206,31348,8951,9021,0apple_78.jpg,18/06/2023 8:52:10
67,54,79108,10038,3611,7432,2114,7762,5755,1628,0apple_78.jpg,18/06/2023 8:52:11
61,66,31903,20630,16650,17967,4003,31443,11866,8549,0apple_79.jpg,18/06/2023 8:52:12
69,54,46630,10640,1340,6757,8377,65789,12129,11462,0apple_79.jpg,18/06/2023 8:52:13
80,44,2286,6846,3035,951,11988,29617,13551,8292,0apple_79.jpg,18/06/2023 8:52:14
75,35,156309,32088,5048,2743,2407,7278,5499,1729,0apple_80.jpg,18/06/2023 8:52:15
67,40,17134,4471,9968,1645,2931,3835,3154,3302,0apple_80.jpg,18/06/2023 8:52:16
66,44,1334,6183,7911,2009,7948,49461,19034,11147,0apple_80.jpg,18/06/2023 8:52:17
64,43,3491,14836,3364,2727,5936,46527,18139,18243,0apple_81.jpg,18/06/2023 8:52:18
80,48,3423,3899,5417,7342,3403,30492,14457,8160,0apple_81.jpg,18/06/2023 8:52:19
100,26,9420,12630,5097,4327,4557,62170,13277,13319,0apple_81.jpg,18/06/2023 8:52:20
93,23,919,10552,2569,1918,4574,22231,20578,17683,0apple_82.jpg,18/06/2023 8:52:21
88,26,114291,8868,935,1091,3979,9303,5603,2486,0apple_82.jpg,18/06/2023 8:52:22
78,27,5584,17696,6609,7344,2679,16092,9315,8946,0apple_82.jpg,18/06/2023 8:52:23
69,40,7719,7699,4122,7822,3112,16472,6902,8693,0apple_83.jpg,18/06/2023 8:52:24
60,37,98885,25170,2280,694,1735,8723,5241,3432,0apple_83.jpg,18/06/2023 8:52:25
57,38,147337,10538,982,1141,1239,8430,1552,1856,0apple_83.jpg,18/06/2023 8:52:26
66,30,8184,15117,10201,2373,1795,45840,29849,11340,0apple_84.jpg,18/06/2023 8:52:27
66,35,8795,3388,853,21063,4129,25322,16379,14608,0apple_84.jpg,18/06/2023 8:52:28
75,50,2157,9713,9702,1599,4668,20190,19094,12122,0apple_84.jpg,18/06/2023 8:52:29
77,47,120333,12618,803,1673,1207,14676,5352,2725,0apple_85.jpg,18/06/2023 8:52:30
67,51,18054,26150,6169,17836,11650,27741,9839,9499,0apple_85.jpg,18/06/2023 8:52:31
75,41,2186,4475,4301,6584,5155,37096,13808,16324,0apple_85.jpg,18/06/2023 8:52:32
83,35,5057,8066,4267,3711,1429,41257,13075,12090,0apple_86.jpg,18/06/2023 8:52:33
83,38,7533,16921,1018,4282,4773,21399,10534,12987,0apple_86.jpg,18/06/2023 8:52:34
87,40,2359,15428,18560,3933,8874,33490,11085,14258,0apple_86.jpg,18/06/2023 8:52:35
78,38,1159,18382,4209,4391,6158,22206,9216,9760,0apple_87.jpg,18/06/2023 8:52:36
75,38,2658,8112,4179,1518,3263,20613,5386,14124,0apple_87.jpg,18/06/2023 8:52:37
78,38,4771,9333,2245,1595,5764,21764,13857,7842,0apple_87.jpg,18/06/2023 8:52:38
88,26,1182,6221,2254,5119,3618,52123,13496,9748,0apple_88.jpg,18/06/2023 8:52:39
87,40,8256,6677,16850,3602,5434,15656,8172,9852,0apple_88.jpg,18/06/2023 8:52:40
83,41,13232,13219,6106,2240,5104,20529,3285,13766,0apple_88.jpg,18/06/2023 8:52:41
70,53,7962,8583,1682,3807,2313,4171,1574,2705,0apple_89.jpg,18/06/2023 8:52:42
54,67,11582,16679,8521,5988,4900,11539,12770,14456,0apple_89.jpg,18/06/2023 8:52:43
60,56,3778,5213,3106,3417,5963,15336,10641,9177,0apple_89.jpg,18/06/2023 8:52:44
61,54,12536,9764,2202,5261,8178,22690,7524,13271,0apple_90.jpg,18/06/2023 8:52:45
78,41,3582,7886,1076,4118,7818,40354,11245,8818,0apple_90.jpg,18/06/2023 8:52:46
84,38,2807,8023,7732,1842,6642,15137,12791,9849,0apple_90.jpg,18/06/2023 8:52:47
83,35,430,7377,3039,3603,8909,18264,9461,8908,0apple_91.jpg,18/06/2023 8:52:48
83,37,10911,14785,7235,4267,3009,33181,17556,6803,0apple_91.jpg,18/06/2023 8:52:49
70,54,6917,13290,21887,8092,11762,25996,12405,13360,0apple_91.jpg,18/06/2023 8:52:50
77,54,9987,6414,8412,12927,11563,48364,14100,11378,0apple_92.jpg,18/06/2023 8:52:51
80,54,6731,9000,5717,3279,2772,39220,13805,11094,0apple_92.jpg,18/06/2023 8:52:52
84,50,9627,4580,2325,2454,4261,27271,8089,8010,0apple_92.jpg,18/06/2023 8:52:53
84,53,1306,4322,11076,6540,5781,12319,22459,13838,0apple_93.jpg,18/06/2023 8:52:54
83,56,3664,3432,12937,1813,7681,24517,14419,8244,0apple_93.jpg,18/06/2023 8:52:55
80,56,8610,6167,624,4795,8219,15840,16032,9143,0apple_93.jpg,18/06/2023 8:52:56
78,60,5212,5189,3562,3294,4244,24189,15930,9188,0apple_94.jpg,18/06/2023 8:52:57
84,38,9053,12085,1595,3444,3059,30517,21318,10433,0apple_94.jpg,18/06/2023 8:52:58
90,26,7907,6462,2887,1541,2591,25695,10120,7987,0apple_94.jpg,18/06/2023 8:52:59
90,29,18694,10860,4201,6766,5183,27174,18982,13638,0apple_95.jpg,18/06/2023 8:53:00
91,29,2124,6405,5590,4583,2482,44175,24807,14994,0apple_95.jpg,18/06/2023 8:53:01
87,40,20614,12263,3945,6043,5631,16835,18372,13802,0apple_95.jpg,18/06/2023 8:53:02
90,38,9635,7066,2496,3775,7452,45626,15179,8121,0banana_77.jpg,18/06/2023 8:53:03
88,41,1616,10336,5388,8254,3793,23007,21766,12947,0banana_77.jpg,18/06/2023 8:53:04
88,30,2881,9096,252,3851,9029,36604,13431,7187,0banana_77.jpg,18/06/2023 8:53:05
84,30,465461,44439,13007,10301,8178,34142,17913,18002,0banana_78.jpg,18/06/2023 8:53:06
77,43,6662,16546,6116,13794,8180,37135,5648,11804,0banana_78.jpg,18/06/2023 8:53:07
80,38,2908,5743,6885,2649,5895,29539,9056,6168,0banana_78.jpg,18/06/2023 8:53:08
78,34,3108,12612,923,1629,6401,32144,6423,9102,0banana_79.jpg,18/06/2023 8:53:09
87,34,7835,4314,5604,2504,5843,20296,7405,11651,0banana_79.jpg,18/06/2023 8:53:10
96,24,2847,1491,1937,3625,3224,29955,6384,10558,0banana_79.jpg,18/06/2023 8:53:11
94,34,3864,1222,2888,10101,4700,22630,8855,10567,0banana_80.jpg,18/06/2023 8:53:12
88,56,31403,8270,12994,4377,2109,26493,16977,12041,0banana_80.jpg,18/06/2023 8:53:13
80,51,3778,16479,3422,2887,4560,11771,3676,2373,0banana_80.jpg,18/06/2023 8:53:14
60,53,27877,33782,7497,1978,10394,14350,10343,15484,0banana_81.jpg,18/06/2023 8:53:15
53,50,82026,2600,1695,1181,2503,3488,3783,2076,0banana_81.jpg,18/06/2023 8:53:16
50,38,5336,3720,1075,280,2112,3111,5330,2487,0banana_81.jpg,18/06/2023 8:53:17
57,35,2962,7204,2066,2116,5881,16259,9584,12371,0banana_82.jpg,18/06/2023 8:53:18
69,43,2519,2914,7372,3290,3696,22580,22244,13415,0banana_82.jpg,18/06/2023 8:53:19
74,44,2402,8826,721,9966,3588,16616,7456,8293,0banana_82.jpg,18/06/2023 8:53:20
74,51,16797,9890,2977,6330,9575,14164,6911,8143,0banana_83.jpg,18/06/2023 8:53:21
51,63,13047,21230,6147,5671,1272,3215,4062,2664,0banana_83.jpg,18/06/2023 8:53:22
60,51,38779,8559,10990,2231,2918,97916,19031,11849,0banana_83.jpg,18/06/2023 8:53:23
53,48,5521,22153,3362,6235,2793,13826,17198,6979,0banana_84.jpg,18/06/2023 8:53:24
51,44,16537,16775,2832,4419,6539,13957,19804,10095,0banana_84.jpg,18/06/2023 8:53:25
66,43,20190,16480,12550,6928,9402,19908,8351,10041,0banana_84.jpg,18/06/2023 8:53:26
56,54,1245,5462,10762,2927,8246,24105,11197,5925,0banana_85.jpg,18/06/2023 8:53:27
63,61,6202,7591,4079,12569,2465,24304,12701,9183,0banana_85.jpg,18/06/2023 8:53:28
69,67,6172,8614,10763,4559,3339,35701,12287,12412,0banana_85.jpg,18/06/2023 8:53:29
75,60,823,13562,5052,3116,4652,22678,7254,5148,0banana_86.jpg,18/06/2023 8:53:30
87,43,6449,8116,4035,2597,3199,81947,12270,9234,0banana_86.jpg,18/06/2023 8:53:31
90,30,4331,18650,2537,8327,4359,41045,28314,6802,0banana_86.jpg,18/06/2023 8:53:32
90,14,6600,11106,633,2526,11991,22219,25891,9745,0banana_87.jpg,18/06/2023 8:53:33
94,8,2198,9895,4290,1215,6895,32016,13355,11259,0banana_87.jpg,18/06/2023 8:53:34
91,11,7323,6087,945,4351,8943,42837,12348,10940,0banana_87.jpg,18/06/2023 8:53:35
91,21,2029,2653,2968,9615,2228,22407,14142,9513,0banana_88.jpg,18/06/2023 8:53:36
93,26,3711,8622,2465,1168,7037,22968,6154,7297,0banana_88.jpg,18/06/2023 8:53:37
100,20,2009,3735,1736,1800,8245,39363,11607,11296,0banana_88.jpg,18/06/2023 8:53:38
100,26,3317,3549,2707,2688,4063,27391,22784,7444,0banana_89.jpg,18/06/2023 8:53:39
100,16,4779,2550,1593,1999,3333,12566,16807,4866,0banana_89.jpg,18/06/2023 8:53:40
100,21,5972,2638,920,5339,5117,35435,7322,5887,0banana_89.jpg,18/06/2023 8:53:41
87,43,9673,26887,13982,10641,2649,16374,9729,4960,0banana_90.jpg,18/06/2023 8:53:42
75,50,19470,11439,4436,4694,4785,14320,8823,10249,0banana_90.jpg,18/06/2023 8:53:43
74,47,519870,13474,2790,7321,8157,43069,16114,7578,0banana_90.jpg,18/06/2023 8:53:44
67,47,5453,10832,2826,4998,2862,44215,8356,14685,0banana_91.jpg,18/06/2023 8:53:45
74,29,410335,47868,5548,4903,7953,34629,12357,15842,0banana_91.jpg,18/06/2023 8:53:46
70,35,22168,11433,9845,10081,8048,17916,12226,11195,0banana_91.jpg,18/06/2023 8:53:47
63,41,11795,44011,12821,14806,11865,44547,6598,9757,0banana_92.jpg,18/06/2023 8:53:48
54,56,7033,1920,3866,2050,3854,6229,5067,1479,0banana_92.jpg,18/06/2023 8:53:49
54,74,6510,7276,9066,6667,6288,13122,17351,8141,0banana_92.jpg,18/06/2023 8:53:50
50,70,5354,7142,1316,3845,1997,3738,2221,1258,0banana_93.jpg,18/06/2023 8:53:51
56,70,14262,5262,5472,5624,7334,26307,19558,13416,0banana_93.jpg,18/06/2023 8:53:52
56,70,22705,11021,11550,14812,4040,30431,12591,12858,0banana_93.jpg,18/06/2023 8:53:53
54,56,108138,13339,1573,1491,1462,7215,1403,1791,0banana_94.jpg,18/06/2023 8:53:54
60,53,29986,27605,16993,4580,11917,28766,21237,11849,0banana_94.jpg,18/06/2023 8:53:55
43,56,100926,20999,8366,2734,1604,5346,3466,2424,0banana_94.jpg,18/06/2023 8:53:56
47,41,27385,14939,4582,1319,2955,28112,7611,7758,0mixed_21.jpg,18/06/2023 8:53:57
43,43,5249,37503,2860,9280,14679,14236,9674,6051,0mixed_21.jpg,18/06/2023 8:53:58
50,44,13359,11103,10413,4884,3454,30273,18569,5626,0mixed_21.jpg,18/06/2023 8:53:59
69,27,9927,13358,4544,839,6932,51563,16514,9620,0mixed_22.jpg,18/06/2023 8:54:00
67,38,9991,9507,1325,10020,3552,21678,14784,9288,0mixed_22.jpg,18/06/2023 8:54:01
80,26,15028,25030,1342,2414,4644,33916,31272,11167,0mixed_22.jpg,18/06/2023 8:54:02
70,26,7078,17413,10132,4057,10710,13604,13759,9540,0mixed_23.jpg,18/06/2023 8:54:03
53,48,36455,18436,13075,10519,10924,11241,20307,5487,0mixed_23.jpg,18/06/2023 8:54:04
47,53,57926,22795,23705,11592,9622,26455,11295,6640,0mixed_23.jpg,18/06/2023 8:54:05
37,74,26986,36791,9346,17552,10447,20888,21980,9923,0mixed_24.jpg,18/06/2023 8:54:06
41,70,7908,12285,4235,4262,7580,15719,12549,5145,0mixed_24.jpg,18/06/2023 8:54:07
48,69,11762,17939,13486,14763,4831,30128,14044,6030,0mixed_24.jpg,18/06/2023 8:54:08
57,61,5181,5154,2655,5824,5345,20631,16495,7669,0mixed_24.jpg,18/06/2023 8:54:09
67,60,18463,10416,1028,13212,3916,27052,10746,11430,0mixed_24.jpg,18/06/2023 8:54:10
70,61,22033,23114,11550,11958,7635,59169,9969,7662,0mixed_24.jpg,18/06/2023 8:54:11
70,57,281143,9535,9668,10314,21562,19992,8237,9852,0mixed_24.jpg,18/06/2023 8:54:12
56,67,112414,13270,7416,7463,2915,5325,6713,3061,0mixed_24.jpg,18/06/2023 8:54:13
54,61,31164,4903,1049,1633,3379,6339,8040,2784,0mixed_24.jpg,18/06/2023 8:54:14
43,60,32791,53725,8298,10902,9010,22441,11903,9364,0mixed_24.jpg,18/06/2023 8:54:15
37,64,23055,24983,37370,10704,28525,17608,11564,12577,0mixed_24.jpg,18/06/2023 8:54:16
41,54,73158,27321,3141,12603,7750,18295,18099,7724,0mixed_24.jpg,18/06/2023 8:54:17
37,61,469069,30588,13553,4831,2852,22110,14598,7526,0mixed_24.jpg,18/06/2023 8:54:18
51,60,1681,9047,5150,4851,3199,40492,19501,19583,0mixed_24.jpg,18/06/2023 8:54:19
57,60,601594,15475,20289,10336,7879,29452,23429,12225,0mixed_24.jpg,18/06/2023 8:54:20
54,60,116626,31681,10807,2618,1419,13056,2056,7374,0mixed_24.jpg,18/06/2023 8:54:21
54,53,508970,73155,19977,5103,15541,40593,16841,11076,0mixed_24.jpg,18/06/2023 8:54:22
56,51,4220,6560,3609,2066,4286,28527,9252,7223,0mixed_24.jpg,18/06/2023 8:54:23
57,44,7772,15922,11176,4232,10033,25295,8603,9781,0mixed_24.jpg,18/06/2023 8:54:24
60,41,209643,75239,9988,13672,3272,32203,10312,28847,0mixed_24.jpg,18/06/2023 8:54:25
67,44,8100,8193,3235,7577,2804,25161,8114,11880,0mixed_24.jpg,18/06/2023 8:54:26
48,40,115516,23072,1862,624,1149,4815,8289,1502,0mixed_24.jpg,18/06/2023 8:54:27
56,27,14325,10179,3296,2569,8815,33286,21439,5321,0mixed_24.jpg,18/06/2023 8:54:28
48,30,27090,174765,39775,14303,3421,24845,8188,3860,0mixed_24.jpg,18/06/2023 8:54:29
37,30,398244,51558,12645,13815,10672,22453,12147,6396,0mixed_24.jpg,18/06/2023 8:54:30
43,50,23895,42406,2362,40166,2617,37467,30247,16515,0mixed_24.jpg,18/06/2023 8:54:31
21,53,39269,34264,4473,1785,1687,6022,3609,1829,0mixed_24.jpg,18/06/2023 8:54:32
37,50,243090,46310,11655,7301,8670,48452,23559,17061,0mixed_24.jpg,18/06/2023 8:54:33
57,41,7842,5417,5880,5790,5502,77374,21973,3749,0mixed_24.jpg,18/06/2023 8:54:34
48,35,205381,34117,9759,2603,3097,6049,3457,5504,0mixed_24.jpg,18/06/2023 8:54:35
66,35,33905,12565,4828,2592,7962,32101,18170,21011,0mixed_24.jpg,18/06/2023 8:54:36
64,29,4646,47030,2267,6976,7702,30615,20359,7773,0mixed_24.jpg,18/06/2023 8:54:37
48,37,68076,60598,24351,5501,10755,46551,7197,9561,0mixed_24.jpg,18/06/2023 8:54:38
69,27,8955,4123,2081,662,1668,13756,2317,1674,0mixed_24.jpg,18/06/2023 8:54:39
63,40,8868,9995,7964,7281,5191,21305,15573,7185,0mixed_24.jpg,18/06/2023 8:54:40
80,40,7549,2010,2990,4571,13526,41992,18759,13191,0mixed_24.jpg,18/06/2023 8:54:41
84,40,4492,31978,13890,7652,3325,54719,27745,4000,0mixed_24.jpg,18/06/2023 8:54:42
84,38,10589,17311,5302,3700,4387,52834,8649,8263,0mixed_24.jpg,18/06/2023 8:54:43
94,24,14991,17522,2508,9195,9178,83547,12070,8017,0mixed_24.jpg,18/06/2023 8:54:44
83,24,451948,18632,2602,4807,7042,27661,25591,23310,0mixed_24.jpg,18/06/2023 8:54:45
84,27,19821,9720,6891,5599,3232,26327,15829,12414,0mixed_24.jpg,18/06/2023 8:54:46
87,23,3886,17428,3793,2208,4761,55332,7430,6873,0mixed_24.jpg,18/06/2023 8:54:47
81,30,2881,4098,6101,3593,14969,22389,11285,10537,0mixed_24.jpg,18/06/2023 8:54:48
81,44,3940,8180,16986,6573,11167,29131,7055,16429,0mixed_24.jpg,18/06/2023 8:54:49
81,35,7326,22848,5851,3671,11715,37491,15913,6295,0mixed_24.jpg,18/06/2023 8:54:50
77,47,7326,8915,5646,5450,10643,26302,37701,9832,0mixed_24.jpg,18/06/2023 8:54:51
84,43,3334,1136,4462,2200,7369,33803,29738,5039,0mixed_24.jpg,18/06/2023 8:54:52
87,40,14952,16014,17388,6398,7416,49528,11668,8216,0mixed_24.jpg,18/06/2023 8:54:53
90,37,11233,30592,7164,7905,6084,98072,11441,6157,0mixed_24.jpg,18/06/2023 8:54:54
69,54,125299,8932,14174,1254,2733,2281,6328,3835,0mixed_24.jpg,18/06/2023 8:54:55
67,56,3793,8506,12592,3856,3177,79428,8058,10103,0mixed_24.jpg,18/06/2023 8:54:56
66,51,58133,13354,7965,4801,16820,30495,28442,6882,0mixed_24.jpg,18/06/2023 8:54:57
64,60,5448,7793,1564,8447,2839,27435,25317,9300,0mixed_24.jpg,18/06/2023 8:54:58
87,35,2558,14608,3791,2257,4905,36501,10528,9021,0mixed_24.jpg,18/06/2023 8:54:59
83,26,8895,19517,894,5405,11516,49906,41458,7907,0mixed_24.jpg,18/06/2023 8:55:00
69,40,149460,45883,48915,11204,9028,18951,9149,22581,0mixed_24.jpg,18/06/2023 8:55:01
70,27,9391,15059,1314,3548,4630,34596,24518,10093,0mixed_24.jpg,18/06/2023 8:55:02
54,35,54385,40183,8818,2897,3679,11065,2471,2742,0mixed_24.jpg,18/06/2023 8:55:03
43,51,50448,46845,23812,5958,3906,29744,20696,4730,0mixed_24.jpg,18/06/2023 8:55:04
50,44,62001,21302,9080,9472,6685,21451,7013,11764,0mixed_24.jpg,18/06/2023 8:55:05
43,66,9383,8045,25178,4373,7185,28005,17587,7295,0mixed_24.jpg,18/06/2023 8:55:06
61,57,6593,7878,1905,3196,13404,30234,13305,10856,0mixed_24.jpg,18/06/2023 8:55:07
69,56,22830,17078,6641,10180,6456,33795,10135,9029,0mixed_24.jpg,18/06/2023 8:55:08
75,47,12030,24017,2796,9040,16833,37392,9862,6720,0mixed_24.jpg,18/06/2023 8:55:09
69,26,130915,111673,8546,10019,21549,48233,14777,5753,0mixed_24.jpg,18/06/2023 8:55:10
66,40,6144,2269,2914,1812,952,11622,2882,4995,0mixed_24.jpg,18/06/2023 8:55:11
69,29,15529,28039,3970,7291,1643,59703,8049,8816,0mixed_24.jpg,18/06/2023 8:55:12
51,23,127432,66004,3467,3557,1394,6909,2278,2773,0mixed_24.jpg,18/06/2023 8:55:13
61,24,5392,10041,2424,3387,10470,25094,5548,13769,0mixed_24.jpg,18/06/2023 8:55:14
61,24,18239,11013,10820,12189,3324,52879,11640,6721,0mixed_24.jpg,18/06/2023 8:55:15
60,23,6199,26360,6356,2374,9369,48972,4705,10134,0mixed_24.jpg,18/06/2023 8:55:16
87,34,1187,4084,3332,5229,1870,35739,7056,7150,0mixed_24.jpg,18/06/2023 8:55:17
84,41,7587,15221,12526,6968,12741,40991,7180,6628,0mixed_24.jpg,18/06/2023 8:55:18
81,35,2916,5731,832,2602,3915,9166,4944,1888,0mixed_24.jpg,18/06/2023 8:55:19
77,51,13205,11931,12152,6139,5941,18565,16014,6042,0mixed_24.jpg,18/06/2023 8:55:20
75,50,5870,7689,2314,7281,6843,42139,6800,5551,0mixed_24.jpg,18/06/2023 8:55:21
75,43,7052,18981,2014,9736,10899,44731,16482,4991,0mixed_24.jpg,18/06/2023 8:55:22
83,35,1753,18119,5970,1959,7025,70770,8545,7675,0mixed_24.jpg,18/06/2023 8:55:22
97,20,6033,4584,1595,3030,2961,41336,16811,11082,0mixed_24.jpg,18/06/2023 8:55:24
100,20,3479,4548,6365,3439,3983,43289,13841,7716,0mixed_24.jpg,18/06/2023 8:55:25
100,17,508318,25641,7773,5839,2056,79365,36173,9949,0mixed_24.jpg,18/06/2023 8:55:25
96,23,10692,17041,3257,3946,4521,28652,5449,8565,0mixed_24.jpg,18/06/2023 8:55:26
83,37,17225,19339,4246,20202,4867,35381,7668,4879,0mixed_24.jpg,18/06/2023 8:55:27
91,20,5177,4337,660,1088,5937,54766,7670,4550,0mixed_24.jpg,18/06/2023 8:55:28
94,13,670,4855,1451,383,1327,25837,14027,7217,0mixed_24.jpg,18/06/2023 8:55:29
100,10,1216,3821,580,1753,4923,18551,7296,6675,0mixed_24.jpg,18/06/2023 8:55:31
100,3,13585,12625,4553,5574,2912,41907,5932,10842,0mixed_24.jpg,18/06/2023 8:55:31
83,27,90140,11918,5865,1294,1026,8355,6901,1934,0mixed_24.jpg,18/06/2023 8:55:32
67,50,29398,27912,10154,15334,3950,25255,8758,4589,0mixed_24.jpg,18/06/2023 8:55:33
64,50,3513,12901,2513,2024,3868,34591,26684,5624,0mixed_24.jpg,18/06/2023 8:55:34
57,53,5221,17303,2240,9646,4068,26513,12874,7082,0mixed_24.jpg,18/06/2023 8:55:35
66,53,14919,7063,4797,3225,4014,17574,10750,4412,0mixed_24.jpg,18/06/2023 8:55:36
64,51,26125,28538,12582,12384,11903,21554,22526,6626,0mixed_24.jpg,18/06/2023 8:55:37
63,48,8789,13653,2758,782,8343,31602,16635,3366,0mixed_24.jpg,18/06/2023 8:55:38
48,54,97736,39354,1049,21738,2665,6822,2692,3662,0mixed_24.jpg,18/06/2023 8:55:39
43,47,115858,11038,1468,2077,3879,9749,2617,1920,0mixed_24.jpg,18/06/2023 8:55:40
56,40,17619,9931,9984,3968,8603,50257,15557,7831,0mixed_24.jpg,18/06/2023 8:55:41
51,54,28473,20390,4759,10990,8862,30750,43686,5881,0mixed_24.jpg,18/06/2023 8:55:42
61,38,310887,65388,7361,2542,6405,27910,7552,2546,0mixed_24.jpg,18/06/2023 8:55:43
53,60,580946,16236,27086,27136,14914,15424,9915,11967,0mixed_24.jpg,18/06/2023 8:55:44
29,70,14840,32118,32585,11744,25080,6769,5371,4823,0mixed_24.jpg,18/06/2023 8:55:45
17,81,21937,18281,11585,12831,8375,8370,3715,7380,0mixed_24.jpg,18/06/2023 8:55:46
7,96,109069,18794,6816,3877,1310,2205,4433,1207,0mixed_24.jpg,18/06/2023 8:55:47
14,84,713977,60541,37245,16485,7018,82904,20189,10593,0mixed_24.jpg,18/06/2023 8:55:48
30,69,84203,21102,548,4772,3171,16638,4478,1905,0mixed_24.jpg,18/06/2023 8:55:49
35,63,11297,26699,13442,4212,4062,15743,2484,2751,0mixed_24.jpg,18/06/2023 8:55:50
41,69,247187,20387,21059,5936,1606,8186,4457,3183,0mixed_24.jpg,18/06/2023 8:55:51
44,67,2496,13100,6529,6083,6895,28795,14752,9539,0mixed_24.jpg,18/06/2023 8:55:52
40,67,36122,95389,9510,12756,7421,40559,13365,10417,0mixed_24.jpg,18/06/2023 8:55:53
37,64,11560,30193,6962,7248,13932,11855,19953,4796,0mixed_24.jpg,18/06/2023 8:55:54
35,57,1386202,66154,31548,6162,3249,12475,6454,10846,0mixed_24.jpg,18/06/2023 8:55:55
17,75,28626,7504,20252,6731,5913,4842,3783,7774,0mixed_24.jpg,18/06/2023 8:55:56
7,78,70963,74543,7501,8441,8699,6250,1611,6170,0mixed_24.jpg,18/06/2023 8:55:57
1,77,3917,14473,2926,1063,4024,1163,427,1463,0mixed_24.jpg,18/06/2023 8:55:58
8,74,23865,7140,2868,7589,11309,12161,5225,7190,0mixed_24.jpg,18/06/2023 8:55:59
8,60,21072,32905,3694,16709,4746,8882,7859,5249,0mixed_24.jpg,18/06/2023 8:56:00
23,64,8279,17967,9227,2909,9005,13036,3323,3982,0mixed_24.jpg,18/06/2023 8:56:01
37,77,7371,6716,676,11733,3966,6954,5784,7989,0mixed_24.jpg,18/06/2023 8:56:02
35,80,2132,1273,5570,4880,10806,6582,5341,7212,0mixed_24.jpg,18/06/2023 8:56:03
30,74,19953,30309,715,6907,3896,4013,2797,10007,0mixed_24.jpg,18/06/2023 8:56:04
29,80,23708,4546,8067,1258,6703,4333,4798,9025,0mixed_24.jpg,18/06/2023 8:56:05
26,64,8156,16946,1265,2827,1800,5573,11953,5448,0mixed_24.jpg,18/06/2023 8:56:06
13,53,622316,92744,15989,1454,7483,9686,8597,2305,0mixed_24.jpg,18/06/2023 8:56:07
16,56,100997,86508,17089,9836,5258,18244,22432,11564,0mixed_24.jpg,18/06/2023 8:56:08
17,53,3587,12836,3641,6788,2726,10375,3763,13434,0mixed_24.jpg,18/06/2023 8:56:09
14,57,15096,27585,4519,9239,10287,5691,2937,6561,0mixed_24.jpg,18/06/2023 8:56:10
20,77,24678,14695,14666,11332,6146,7397,7838,9439,0mixed_24.jpg,18/06/2023 8:56:11
17,91,14094,7410,8524,7514,3794,3050,2831,6891,0mixed_24.jpg,18/06/2023 8:56:12
13,90,4987,3386,508,1500,929,1344,1071,1851,0mixed_24.jpg,18/06/2023 8:56:13
20,94,14023,3906,3689,7088,11447,5200,3280,9963,0mixed_24.jpg,18/06/2023 8:56:14
24,84,10126,5588,845,4141,3520,3913,3201,9954,0mixed_24.jpg,18/06/2023 8:56:15
35,75,31551,8336,1989,8003,9561,7293,1517,6948,0mixed_24.jpg,18/06/2023 8:56:16
24,66,109958,38471,4463,3005,1580,3179,1794,1983,0mixed_24.jpg,18/06/2023 8:56:17
20,51,613598,46867,2834,3668,3679,10197,6194,1952,0mixed_24.jpg,18/06/2023 8:56:18
14,54,5381,6480,2165,2713,1629,2067,3716,3909,0mixed_24.jpg,18/06/2023 8:56:19
14,43,5148,5807,694,1346,6925,3644,897,5532,0mixed_24.jpg,18/06/2023 8:56:20
21,47,11120,31647,2224,9024,9070,7189,3633,7217,0mixed_24.jpg,18/06/2023 8:56:21
23,66,6612,14726,1832,19476,3378,6676,1544,7695,0mixed_24.jpg,18/06/2023 8:56:22
29,56,1999,9078,1544,1831,2046,6104,2083,7728,0mixed_24.jpg,18/06/2023 8:56:23
21,70,21605,16639,8924,5080,3971,4279,1632,8007,0mixed_24.jpg,18/06/2023 8:56:24
20,67,34669,18338,1424,3449,5894,3832,1827,10083,0mixed_24.jpg,18/06/2023 8:56:25
14,69,18921,17931,16135,6643,3150,3236,2031,9148,0mixed_24.jpg,18/06/2023 8:56:26
8,84,25552,13517,10187,7483,2756,6962,2081,6619,0mixed_24.jpg,18/06/2023 8:56:27
4,84,6904,19743,8415,5646,2113,3027,2037,5938,0mixed_24.jpg,18/06/2023 8:56:28
7,91,6860,18558,6222,5323,8327,5834,4416,7153,0mixed_24.jpg,18/06/2023 8:56:29
20,83,3575,4416,2577,3000,2385,4594,3918,6385,0mixed_24.jpg,18/06/2023 8:56:30
17,83,67381,12072,7479,8118,4829,4439,2968,12186,0mixed_24.jpg,18/06/2023 8:56:31
23,66,1148819,243072,11688,18854,39572,53030,40549,13759,0mixed_24.jpg,18/06/2023 8:56:32
23,57,297346,87190,4661,13828,17802,15894,15987,37650,0mixed_24.jpg,18/06/2023 8:56:33
14,57,115503,44816,18328,17075,11233,12761,1639,6002,0mixed_24.jpg,18/06/2023 8:56:34
11,50,13321,28464,1720,10677,4986,3852,4685,13524,0mixed_24.jpg,18/06/2023 8:56:35
11,60,2898,9292,2678,1103,3632,2803,5810,9465,0mixed_24.jpg,18/06/2023 8:56:36
14,66,4339,18593,2442,5688,3480,6250,6285,4688,0mixed_24.jpg,18/06/2023 8:56:37
24,54,1175,6887,1045,1909,3755,5736,2469,7731,0mixed_24.jpg,18/06/2023 8:56:38
24,50,33981,49393,3084,8993,5736,6159,1917,8980,0mixed_24.jpg,18/06/2023 8:56:39
30,60,4185,1461,2260,593,836,2064,718,1729,0mixed_24.jpg,18/06/2023 8:56:40
21,64,88913,45545,18680,9719,5671,4301,1623,9786,0mixed_24.jpg,18/06/2023 8:56:41
20,75,8655,10220,4990,4693,3765,8891,4010,9887,0mixed_24.jpg,18/06/2023 8:56:42
23,80,29143,24320,3177,9330,3579,5170,3053,11514,0mixed_24.jpg,18/06/2023 8:56:43
3,78,1358007,362043,134404,108163,99481,22451,39488,27898,0mixed_24.jpg,18/06/2023 8:56:44
21,75,591331,72302,11545,48436,7107,89278,49213,9085,0mixed_24.jpg,18/06/2023 8:56:45
38,63,42036,6707,3164,9337,5061,79275,31920,13773,0mixed_24.jpg,18/06/2023 8:56:46
48,61,47922,41046,24389,2086,12014,33626,17473,16879,0mixed_24.jpg,18/06/2023 8:56:47
69,61,476420,31865,11286,27412,13470,36275,20880,20351,0mixed_24.jpg,18/06/2023 8:56:48
78,53,6384,5958,703,2892,1222,15729,5590,1943,0mixed_24.jpg,18/06/2023 8:56:49
51,51,1791752,281887,9164,26017,28008,45576,29698,28466,0mixed_24.jpg,18/06/2023 8:56:50
47,54,863183,98001,34575,42515,26428,49683,15477,15028,0mixed_24.jpg,18/06/2023 8:56:51
44,50,111583,11216,2897,2984,3984,7118,5710,3843,0mixed_24.jpg,18/06/2023 8:56:52
47,50,1926,7275,2593,9421,15545,45025,13361,8222,0mixed_24.jpg,18/06/2023 8:56:53
61,61,5747,10022,8147,5374,5539,22296,16174,9972,0mixed_24.jpg,18/06/2023 8:56:54
70,61,4498,7267,12493,7377,6648,30416,10062,9673,0mixed_24.jpg,18/06/2023 8:56:55
70,56,93457,23270,3235,3164,1810,9270,4112,2950,0mixed_24.jpg,18/06/2023 8:56:56
63,54,8870,34466,5544,4029,6117,33792,8026,17538,0mixed_24.jpg,18/06/2023 8:56:57
44,56,91609,22704,8071,4200,1145,3555,10822,2591,0mixed_24.jpg,18/06/2023 8:56:58
37,38,510531,83961,3410,7071,15534,35191,22492,16521,0mixed_24.jpg,18/06/2023 8:56:59
38,34,104083,63771,2076,9527,16112,28600,11399,10506,0mixed_24.jpg,18/06/2023 8:57:00
38,47,6652,8007,10148,5397,5654,18780,9471,10663,0mixed_24.jpg,18/06/2023 8:57:01
54,40,6797,16704,1327,8886,8090,21674,26771,23607,0mixed_24.jpg,18/06/2023 8:57:02
53,53,69942,25068,5870,6109,2107,13812,4862,4098,0mixed_24.jpg,18/06/2023 8:57:03
50,60,90383,30742,6372,2091,2269,8861,5273,4959,0mixed_24.jpg,18/06/2023 8:57:04
34,51,71770,159501,17309,22062,15651,19385,29923,12980,0mixed_24.jpg,18/06/2023 8:57:05
30,60,23531,26450,21438,16267,7935,42796,35457,9440,0mixed_24.jpg,18/06/2023 8:57:06
41,63,4990,3503,4818,3418,3131,15921,9223,5248,0mixed_24.jpg,18/06/2023 8:57:07
41,69,58279,55638,22530,11315,8069,19339,18248,10243,0mixed_24.jpg,18/06/2023 8:57:08
56,67,103614,23673,6538,993,2021,16505,6647,3048,0mixed_24.jpg,18/06/2023 8:57:09
54,57,265591,33737,9886,2394,2464,25946,10826,1898,0mixed_24.jpg,18/06/2023 8:57:10
57,48,17539,9506,4752,5000,9989,41807,20529,16697,0mixed_24.jpg,18/06/2023 8:57:11
54,41,980868,222458,40013,17867,14466,40984,27415,23848,0mixed_24.jpg,18/06/2023 8:57:12
63,43,17300,28238,16833,4365,6334,78937,70384,36243,0mixed_24.jpg,18/06/2023 8:57:13
57,38,156444,47330,4247,2425,2059,14663,29289,2800,0mixed_24.jpg,18/06/2023 8:57:14
44,43,305122,98450,21536,24356,13126,59769,50428,11914,0mixed_24.jpg,18/06/2023 8:57:15
47,40,2200172,359220,28641,37531,21703,74732,25542,15517,0mixed_24.jpg,18/06/2023 8:57:16
27,43,39372,6073,1505,733,1204,1481,815,903,0mixed_24.jpg,18/06/2023 8:57:17
40,43,29216,32846,2148,5894,9459,40042,15203,12161,0mixed_24.jpg,18/06/2023 8:57:18
48,44,11670,8288,7260,9336,9329,34523,11882,9312,0mixed_24.jpg,18/06/2023 8:57:19
50,47,115342,117541,13830,16634,12811,34187,12665,12045,0mixed_24.jpg,18/06/2023 8:57:20
60,48,28218,23778,12056,2963,4103,24174,16397,9730,0mixed_24.jpg,18/06/2023 8:57:21
48,50,117856,28178,2673,2091,2047,7523,3358,3096,0mixed_24.jpg,18/06/2023 8:57:22
40,48,32558,44003,14897,11150,4804,34141,16543,26167,0mixed_24.jpg,18/06/2023 8:57:23
57,44,89889,20901,8050,2211,2712,68411,27217,10506,0mixed_24.jpg,18/06/2023 8:57:24
51,34,92555,134700,8766,10732,7054,46977,32703,26577,0mixed_24.jpg,18/06/2023 8:57:25
56,40,149585,30096,7013,4099,1181,14610,3039,4575,0mixed_24.jpg,18/06/2023 8:57:26
51,44,43471,19477,5713,9854,4249,9800,7906,3590,0mixed_24.jpg,18/06/2023 8:57:27
40,56,101997,12771,4348,6556,2801,11715,4028,3425,0mixed_24.jpg,18/06/2023 8:57:28
51,60,8931,10307,2611,3632,5186,24805,11006,48046,0mixed_24.jpg,18/06/2023 8:57:29
56,63,251094,49439,8607,19384,3617,45148,11013,11564,0mixed_24.jpg,18/06/2023 8:57:30
63,47,4503,21014,1284,3449,18283,14677,21594,16057,0mixed_24.jpg,18/06/2023 8:57:31
64,41,103668,19463,5547,3621,610,17192,3982,2579,0mixed_24.jpg,18/06/2023 8:57:32
61,43,20715,25017,5579,8737,11716,37341,12054,7756,0mixed_24.jpg,18/06/2023 8:57:33
66,27,132133,34336,4413,1302,1083,38594,13092,3527,0mixed_24.jpg,18/06/2023 8:57:34
60,43,529252,61853,26942,10700,10362,27095,11931,11472,0mixed_24.jpg,18/06/2023 8:57:35
43,50,955081,41076,21843,3475,7022,6136,13926,3957,0mixed_24.jpg,18/06/2023 8:57:36
24,43,1586228,427032,17586,30007,20070,52103,30136,16493,0mixed_24.jpg,18/06/2023 8:57:37
3,51,346791,361393,40241,22292,19814,27241,29300,24804,0mixed_24.jpg,18/06/2023 8:57:38
1,26,1067006,963564,15030,15961,27200,40690,176786,19344,0mixed_24.jpg,18/06/2023 8:57:39
1,26,195084,16137,7991,2063,1979,1958,2318,1879,0mixed_24.jpg,18/06/2023 8:57:40
1,34,117490,16423,1761,2018,3013,3064,424,1522,0mixed_24.jpg,18/06/2023 8:57:41
1,34,1719837,200398,13073,29163,23254,58882,21303,39596,0mixed_24.jpg,18/06/2023 8:57:42
8,47,1130597,429611,37972,22952,6451,45065,38839,15480,0mixed_24.jpg,18/06/2023 8:57:43
14,44,1146046,232437,105057,24006,16452,68101,32702,17985,0mixed_24.jpg,18/06/2023 8:57:44
17,47,425835,41911,5464,6689,2641,10674,8138,4042,0mixed_24.jpg,18/06/2023 8:57:45
20,53,590802,139889,44976,23823,19919,70717,37425,13571,0mixed_24.jpg,18/06/2023 8:57:46
27,64,195145,78821,24312,23407,11468,35802,21371,16784,0mixed_24.jpg,18/06/2023 8:57:47
26,53,606340,430757,52290,23443,15337,71853,8420,22931,0mixed_24.jpg,18/06/2023 8:57:48
44,44,203416,31586,659,9696,2993,87912,14551,9000,0mixed_24.jpg,18/06/2023 8:57:49
50,48,1103643,24489,17839,11109,11514,39579,43151,23230,0mixed_24.jpg,18/06/2023 8:57:50
47,30,1628347,388393,25021,7844,7004,64606,40002,15240,0mixed_24.jpg,18/06/2023 8:57:51
48,40,111387,19097,6365,1035,1634,4737,1213,1306,0mixed_24.jpg,18/06/2023 8:57:52
37,48,796466,56233,6342,15961,12242,35451,14725,64578,0mixed_24.jpg,18/06/2023 8:57:53
30,44,745018,31328,5880,8269,3910,15731,5901,5519,0mixed_24.jpg,18/06/2023 8:57:54
35,60,578868,157859,57465,22597,21433,56559,24891,13064,0mixed_24.jpg,18/06/2023 8:57:55
26,50,1153307,524181,37826,30578,22293,48021,43187,21567,0mixed_24.jpg,18/06/2023 8:57:56
13,44,798395,388508,38194,21935,13594,35414,32544,15631,0mixed_24.jpg,18/06/2023 8:57:57
14,44,579053,49093,17738,6135,4613,36177,14609,3958,0mixed_24.jpg,18/06/2023 8:57:58
4,47,618504,190857,48646,39641,26091,16701,24394,13559,0mixed_24.jpg,18/06/2023 8:57:59
16,51,25134,33357,8399,1985,1500,14851,4265,2576,0mixed_24.jpg,18/06/2023 8:58:00
21,53,1002147,117109,8071,14215,8069,18263,5746,5375,0mixed_24.jpg,18/06/2023 8:58:01
21,50,377158,16607,3407,3574,4553,11504,9752,5590,0mixed_24.jpg,18/06/2023 8:58:02
29,34,100673,74965,2957,2922,5409,13670,5399,4217,0mixed_24.jpg,18/06/2023 8:58:03
26,29,1667646,127145,23354,5227,9084,44870,25671,13962,0mixed_24.jpg,18/06/2023 8:58:04
26,29,1074677,204024,19117,19790,20604,28810,65387,14361,0mixed_24.jpg,18/06/2023 8:58:05
24,24,121632,16910,964,2803,3495,7867,6456,6137,0mixed_24.jpg,18/06/2023 8:58:06
38,34,669214,51327,7537,9179,9841,62688,17153,20055,0mixed_24.jpg,18/06/2023 8:58:07
35,30,866922,211712,28037,6103,7341,50659,18063,41599,0mixed_24.jpg,18/06/2023 8:58:08
34,37,420548,249227,49252,30018,12752,33473,14005,25657,0mixed_24.jpg,18/06/2023 8:58:09
40,40,28185,8822,1978,2725,4306,11992,9704,3522,0mixed_24.jpg,18/06/2023 8:58:10
27,48,648909,123880,27102,22190,11046,36733,28355,26558,0mixed_24.jpg,18/06/2023 8:58:11
29,53,371028,141771,17866,20688,27072,37177,23075,14089,0mixed_24.jpg,18/06/2023 8:58:12
38,56,1214691,110100,33216,19785,17016,50201,28962,9756,0mixed_24.jpg,18/06/2023 8:58:13
30,60,25352,14038,3067,3166,3664,7404,5716,4525,0mixed_24.jpg,18/06/2023 8:58:14
40,57,105005,9640,2809,2784,3219,9170,6535,2632,0mixed_24.jpg,18/06/2023 8:58:15
40,61,1092809,174023,38890,18513,5333,51872,27643,24245,0mixed_24.jpg,18/06/2023 8:58:16
64,48,10481,8458,9168,3393,6089,135049,16392,13123,0mixed_24.jpg,18/06/2023 8:58:17
56,30,2122591,435324,19920,9741,20001,61968,15911,14647,0mixed_24.jpg,18/06/2023 8:58:18
48,26,1521630,174108,24032,5457,10057,44776,28085,17381,0mixed_24.jpg,18/06/2023 8:58:19
41,4,325064,76741,637,2141,4983,7329,6164,1968,0mixed_24.jpg,18/06/2023 8:58:20
14,11,759671,149207,25344,6869,18069,40712,19589,31245,0mixed_24.jpg,18/06/2023 8:58:21
14,24,140043,57220,9350,5354,2748,9242,6231,1915,0mixed_24.jpg,18/06/2023 8:58:22
21,40,137660,7244,7052,4836,4326,9840,5490,2997,0mixed_24.jpg,18/06/2023 8:58:23
23,47,1886089,339758,4925,20094,17028,47792,52109,13696,0mixed_24.jpg,18/06/2023 8:58:24
24,54,151698,115710,37143,20663,11011,45831,22894,19516,0mixed_24.jpg,18/06/2023 8:58:25
26,41,1110723,385007,12928,13263,14029,57381,19992,16419,0mixed_24.jpg,18/06/2023 8:58:26
16,23,687965,303878,27710,12266,39786,50190,51634,17862,0mixed_24.jpg,18/06/2023 8:58:27
20,47,61283,66307,56063,13852,34562,27163,26539,18058,0mixed_24.jpg,18/06/2023 8:58:28
23,41,673408,39938,7787,11588,15026,24635,14138,16892,0mixed_24.jpg,18/06/2023 8:58:29
23,69,1889634,267317,233942,71837,42680,94104,19727,25703,0mixed_24.jpg,18/06/2023 8:58:30
35,88,265431,11369,16837,2027,7267,17301,9055,4949,0mixed_24.jpg,18/06/2023 8:58:31
47,57,714596,60074,1265,3394,22792,52115,24704,10608,0mixed_24.jpg,18/06/2023 8:58:32
27,61,1678835,455804,140188,32346,15049,24903,65208,19926,0mixed_24.jpg,18/06/2023 8:58:33
35,41,95387,19561,567,3605,10328,9007,4915,6896,0mixed_24.jpg,18/06/2023 8:58:34
40,21,56069,22568,2789,3213,9377,36804,26320,44835,0mixed_24.jpg,18/06/2023 8:58:35
43,38,7459,13031,2903,6178,13292,24782,29377,18563,0mixed_24.jpg,18/06/2023 8:58:36
56,41,2293790,114669,50124,24917,11776,38847,60435,18895,0mixed_24.jpg,18/06/2023 8:58:37
61,60,1178838,36446,22039,36471,7521,54343,28725,14009,0mixed_24.jpg,18/06/2023 8:58:38
54,74,409482,52865,19576,7252,9008,44237,10746,12346,00,18/06/2023 12:12:19
57,69,47260,27192,1620,4611,11509,12622,7541,3486,01,18/06/2023 12:12:20
56,67,47004,17237,5332,6036,2489,12932,12866,2190,00,18/06/2023 12:12:21
43,70,1367,6418,4146,1128,2222,3275,9842,2961,00,18/06/2023 12:12:22
41,78,5078,19143,17264,6941,8353,21871,10718,4981,01,18/06/2023 12:12:23
47,90,4326,29962,4418,17107,4886,27733,8735,12014,00,18/06/2023 12:12:24
50,81,3798,18897,2218,9039,14900,23904,23490,5589,00,18/06/2023 12:12:25
60,81,10283,7747,4700,10583,5289,18052,17458,8609,01,18/06/2023 12:12:26
64,78,16559,11581,3169,7196,4515,16058,14391,3686,00,18/06/2023 12:12:27
63,77,402471,64141,19720,13685,5544,46055,11339,9960,00,18/06/2023 12:12:28
69,78,6842,18236,5871,9614,3183,53499,9200,3856,01,18/06/2023 12:12:29
75,78,3703,3105,939,9876,5905,17353,9125,10861,00,18/06/2023 12:12:30
80,61,48247,15300,875,3416,11396,26712,12081,9074,00,18/06/2023 12:12:31
77,74,96134,10770,19244,4389,4305,11827,8189,2912,01,18/06/2023 12:12:32
69,70,3313,20221,6130,3061,6290,23065,48980,22819,00,18/06/2023 12:12:33
66,66,2725,11193,9296,1692,3771,18125,10232,8740,00,18/06/2023 12:12:34
77,64,3408,8863,1562,4411,3232,86050,8916,4729,01,18/06/2023 12:12:35
87,56,9963,6005,5341,5993,3623,18473,12134,4025,00,18/06/2023 12:12:36
90,61,5022,6937,5929,2921,2930,20355,9041,7481,00,18/06/2023 12:12:37
93,61,27074,14603,11955,5910,5879,42329,12011,1526,01,18/06/2023 12:12:38
75,80,17310,15819,5585,7413,3582,23946,15065,4392,00,18/06/2023 12:12:39
69,75,4861,19741,9548,3577,3746,21954,20622,5952,00,18/06/2023 12:12:40
66,78,18289,8455,5731,10321,11918,20304,31629,5222,01,18/06/2023 12:12:41
60,80,364404,20866,8612,9930,15206,22190,22028,11411,00,18/06/2023 12:12:42
67,75,13787,7710,6981,3775,10189,38189,34342,8138,00,18/06/2023 12:12:43
77,64,1579,7421,427,4048,10937,20430,11787,10309,01,18/06/2023 12:12:44
81,53,3818,19993,3866,6248,3173,44884,22610,8940,00,18/06/2023 12:12:45
87,51,2794,14063,10251,3771,3885,29097,25690,15282,00,18/06/2023 12:12:46
63,38,78751,24296,985,852,1303,3826,4351,2655,01,18/06/2023 12:12:47
60,50,9600,7248,4473,7646,4462,25608,17421,3594,00,18/06/2023 12:12:48
51,50,90420,58947,8788,5696,5227,45159,10224,3372,00,18/06/2023 12:12:49
37,38,329703,283578,13165,24884,15654,53876,26570,12944,01,18/06/2023 12:12:50
54,64,3030,1024,5601,731,1195,8887,3389,768,00,18/06/2023 12:12:51
51,64,16265,10490,5486,7624,7769,21629,18733,10709,00,18/06/2023 12:12:52
53,75,1681,17224,5879,8698,9142,26853,17876,6137,01,18/06/2023 12:12:53
64,91,2226,10791,2542,15352,4410,17355,22018,4523,00,18/06/2023 12:12:54
67,78,12209,20186,4083,11310,7827,62251,19444,7697,00,18/06/2023 12:12:55
77,57,9283,12328,666,2571,6846,37918,6285,3342,00,18/06/2023 12:12:56
84,54,10535,8501,3590,8099,5843,38199,19920,12744,00,18/06/2023 12:12:57
88,40,6611,28113,981,9302,9045,31548,13284,3551,00,18/06/2023 12:12:58
78,47,6735,25747,14395,3014,7095,28525,22879,8700,00,18/06/2023 12:12:59
77,61,15597,16211,15634,7606,6107,79414,36747,11040,01,18/06/2023 12:13:00
75,54,11025,20236,5246,4456,7317,52509,17058,8274,00,18/06/2023 12:13:01
83,51,1162,27195,7051,5894,4658,85732,18661,9336,00,18/06/2023 12:13:02
93,50,1603,3670,6090,1769,9486,19017,10029,8830,01,18/06/2023 12:13:03
93,47,7549,4980,773,6570,7255,28248,21656,4324,00,18/06/2023 12:13:04
91,61,15545,4981,10522,4118,2812,25983,23687,8019,00,18/06/2023 12:13:05
74,70,186846,20277,5776,2779,1184,9389,8807,2648,01,18/06/2023 12:13:06
61,80,58532,19317,13774,12734,12097,20481,11061,13095,00,18/06/2023 12:13:07
54,69,18259,37660,507,6359,11039,39828,21385,5696,00,18/06/2023 12:13:08
64,50,11076,7495,1089,3454,4554,45438,10926,8522,01,18/06/2023 12:13:09
80,50,4457,5559,5417,6487,6511,29413,34642,6842,00,18/06/2023 12:13:10
84,35,499830,41637,9442,2890,5613,42966,40033,4599,00,18/06/2023 12:13:11
94,38,8754,8996,3209,4704,11208,54205,40105,16144,01,18/06/2023 12:13:12
78,60,2568,30335,19141,19653,8828,39678,29431,6158,00,18/06/2023 12:13:13
83,43,3066,15359,2327,2463,2464,57462,23316,7911,00,18/06/2023 12:13:14
90,47,12483,11040,8092,4686,10398,42778,20036,9878,01,18/06/2023 12:13:15
80,61,28739,36861,3937,34100,7357,66847,23426,5117,00,18/06/2023 12:13:16
87,51,546093,35685,20182,3041,7610,71270,10164,8605,00,18/06/2023 12:13:17
77,64,3604,11153,2466,5862,9774,22296,33200,11365,01,18/06/2023 12:13:18
67,66,99311,13606,4692,1217,1806,13216,17472,5808,01,18/06/2023 12:13:19
67,57,2297,26848,4262,9408,6924,42285,13254,14051,01,18/06/2023 12:13:20
74,63,8919,7587,4167,16201,5959,51707,27580,28190,01,18/06/2023 12:13:21
66,66,115602,16782,6654,5991,8563,17429,25777,17328,01,18/06/2023 12:13:22
81,64,3374,1366,584,1786,1905,10906,5437,1168,01,18/06/2023 12:13:23
77,69,9712,21053,9439,3271,2377,24481,12742,6772,01,18/06/2023 12:13:24
47,81,753431,27139,23857,11636,6936,4704,22841,1807,01,18/06/2023 12:13:25
77,34,4372,20567,12446,3843,5532,25107,11542,3326,0apple_78.jpg,18/06/2023 16:20:08
77,48,4700,9470,2901,7208,3970,19681,18864,5056,0apple_78.jpg,18/06/2023 16:20:08
75,56,2602,2508,5387,4413,10449,10091,7978,4884,0apple_78.jpg,18/06/2023 16:20:09
66,64,3729,2985,1822,8079,4463,11179,12110,4759,0apple_78.jpg,18/06/2023 16:20:10
75,61,4195,4644,3003,4398,6102,22634,20675,4482,0apple_78.jpg,18/06/2023 16:20:11
80,57,4289,4617,821,5693,6945,18519,15358,6461,0apple_78.jpg,18/06/2023 16:20:12
78,57,36090,13366,7989,8602,7588,20550,13632,9563,0apple_78.jpg,18/06/2023 16:20:13
77,50,4618,18794,4249,4308,1467,15372,6350,13699,0apple_79.jpg,18/06/2023 16:20:14
69,48,2890,41019,3674,10788,9478,47373,21411,8854,0apple_79.jpg,18/06/2023 16:20:15
64,50,6215,9566,5938,3855,7714,18447,15248,4813,0apple_79.jpg,18/06/2023 16:20:16
64,50,1107,8674,4502,6278,4367,15076,16299,8656,0apple_79.jpg,18/06/2023 16:20:17
70,51,7176,7211,6274,6285,6425,24729,12425,15961,0apple_79.jpg,18/06/2023 16:20:18
77,51,2613,3999,1125,2091,3691,12798,15360,3397,0apple_79.jpg,18/06/2023 16:20:19
77,47,5116,13841,2029,4794,5640,18969,5692,9009,0apple_79.jpg,18/06/2023 16:20:20
81,43,3262,2263,6840,4246,9572,22049,20697,5589,0apple_80.jpg,18/06/2023 16:20:21
83,37,635,7883,795,4843,2416,22402,14872,2417,0apple_80.jpg,18/06/2023 16:20:22
81,40,2826,13674,2090,7804,1050,32650,15207,11987,0apple_80.jpg,18/06/2023 16:20:23
84,43,1420,5328,5838,5271,14821,27563,16014,8971,0apple_80.jpg,18/06/2023 16:20:24
80,50,2783,6832,9796,10934,8580,21773,16688,5768,0apple_80.jpg,18/06/2023 16:20:25
70,60,13980,8751,3772,7987,8083,11059,6272,2877,0apple_80.jpg,18/06/2023 16:20:26
70,60,3904,7735,5367,1520,2086,21063,19755,6638,0apple_80.jpg,18/06/2023 16:20:27
74,43,6268,15583,1531,1789,5066,38386,48289,3057,0apple_81.jpg,18/06/2023 16:20:28
69,43,4155,10746,6977,6019,3942,11122,16750,3467,0apple_81.jpg,18/06/2023 16:20:29
70,27,19146,33568,6148,1556,13998,28034,16762,5005,0apple_81.jpg,18/06/2023 16:20:30
69,40,5839,504,4955,2249,2773,9808,27234,4501,0apple_81.jpg,18/06/2023 16:20:31
69,51,1741,5892,113,5479,4423,20658,7463,9758,0apple_81.jpg,18/06/2023 16:20:32
75,35,28970,25684,5078,1559,6312,28661,9174,5105,0apple_81.jpg,18/06/2023 16:20:33
80,43,3253,19479,8772,6300,1923,42331,21525,5340,0apple_81.jpg,18/06/2023 16:20:34
84,24,1564,4973,2710,1230,8633,19147,11278,12175,0apple_82.jpg,18/06/2023 16:20:35
91,21,10718,4227,4098,1894,5222,40104,8260,5176,0apple_82.jpg,18/06/2023 16:20:36
75,23,98441,24205,1110,2478,2520,3308,3805,1179,0apple_82.jpg,18/06/2023 16:20:37
77,17,180,11327,2313,5181,12155,26988,19509,8059,0apple_82.jpg,18/06/2023 16:20:38
75,27,4214,8843,18172,3233,9975,60593,15510,3743,0apple_82.jpg,18/06/2023 16:20:39
80,26,5312,2013,2076,3028,4613,41554,23165,4547,0apple_82.jpg,18/06/2023 16:20:40
93,27,7453,24352,3573,3720,1993,23757,23941,5986,0apple_82.jpg,18/06/2023 16:20:41
88,47,3657,3170,7135,6431,3164,12201,30294,4165,0apple_83.jpg,18/06/2023 16:20:42
81,54,2759,5323,1136,15954,3914,18954,9758,12554,0apple_83.jpg,18/06/2023 16:20:43
78,54,4175,2815,2860,1062,10404,28472,8481,7946,0apple_83.jpg,18/06/2023 16:20:44
80,48,4467,20146,1493,2259,4470,22680,9585,5715,0apple_83.jpg,18/06/2023 16:20:45
87,30,10980,6383,1681,3645,9327,15432,21077,11548,0apple_83.jpg,18/06/2023 16:20:46
90,21,6782,8349,7129,5347,15516,27615,18123,15470,0apple_83.jpg,18/06/2023 16:20:47
78,37,2884,4355,5462,937,1863,9310,10712,7806,0apple_83.jpg,18/06/2023 16:20:48
74,43,90240,12200,1678,1659,2266,9939,3071,2152,0apple_84.jpg,18/06/2023 16:20:49
81,35,3641,8466,2096,3432,2717,53742,14565,5716,0apple_84.jpg,18/06/2023 16:20:50
88,27,3678,12309,2441,6636,5123,54856,16478,2741,0apple_84.jpg,18/06/2023 16:20:51
100,10,3382,2574,1515,4502,6475,72732,21012,10377,0apple_84.jpg,18/06/2023 16:20:52
100,16,1844,3695,3435,8634,4924,32974,11396,4500,0apple_84.jpg,18/06/2023 16:20:53
100,29,1272,2937,3040,6536,3877,25150,25686,3636,0apple_84.jpg,18/06/2023 16:20:54
100,34,1378,5703,2432,4192,3669,27769,13821,10377,0apple_84.jpg,18/06/2023 16:20:55
83,48,7710,10040,4648,3820,7933,11000,10019,14086,0apple_85.jpg,18/06/2023 16:20:56
66,57,148708,38646,44749,8119,3757,28235,22081,29979,0apple_85.jpg,18/06/2023 16:20:57
53,48,79036,22420,1883,1464,1871,8360,3575,4085,0apple_85.jpg,18/06/2023 16:20:58
57,50,7451,3972,9623,6004,4490,69047,14210,6641,0apple_85.jpg,18/06/2023 16:20:59
70,41,6123,5073,2475,2478,4218,27809,13279,8168,0apple_85.jpg,18/06/2023 16:21:00
80,30,3704,7665,3478,6580,5296,16400,15764,13336,0apple_85.jpg,18/06/2023 16:21:01
77,43,210259,44694,11024,9846,21016,14498,21755,13583,0apple_85.jpg,18/06/2023 16:21:02
67,41,11729,8870,3582,5172,14315,24486,17352,11731,0apple_86.jpg,18/06/2023 16:21:03
61,48,911,7274,2118,4069,3089,19423,19815,6820,0apple_86.jpg,18/06/2023 16:21:04
63,48,10936,6430,7951,4639,2183,24279,8349,8120,0apple_86.jpg,18/06/2023 16:21:05
77,54,5034,5148,6882,6765,2823,19193,18485,11221,0apple_86.jpg,18/06/2023 16:21:06
74,66,5338,3203,5586,5930,5016,14997,14526,7981,0apple_86.jpg,18/06/2023 16:21:07
69,70,9803,15202,6394,9290,6914,26036,12194,8904,0apple_86.jpg,18/06/2023 16:21:08
64,69,6422,15281,6032,4599,2846,17032,19441,7831,0apple_86.jpg,18/06/2023 16:21:09
67,60,5400,8559,2132,4660,6567,20484,11733,10847,0apple_86.jpg,18/06/2023 16:21:10
67,53,3822,7581,10146,2786,13819,22616,14899,4799,0apple_87.jpg,18/06/2023 16:21:11
75,40,5076,11727,3025,1989,6525,29206,34235,7733,0apple_87.jpg,18/06/2023 16:21:12
81,41,5293,5391,9079,3894,3341,29041,24645,7351,0apple_87.jpg,18/06/2023 16:21:13
81,40,4042,14902,3590,6857,3713,39068,17514,7228,0apple_87.jpg,18/06/2023 16:21:14
88,34,4589,4988,2392,3510,3221,26907,6732,7360,0apple_87.jpg,18/06/2023 16:21:15
90,40,8398,11860,6622,4512,2123,43140,13407,4321,0apple_87.jpg,18/06/2023 16:21:16
87,38,4469,14081,9472,5498,3909,32670,7194,9581,0apple_87.jpg,18/06/2023 16:21:17
87,38,5688,12547,3105,4661,6058,31808,12151,3575,0apple_88.jpg,18/06/2023 16:21:18
84,37,3962,6268,2591,2623,5495,21150,14107,2031,0apple_88.jpg,18/06/2023 16:21:19
81,35,9259,8959,4856,1669,7046,23899,2987,5334,0apple_88.jpg,18/06/2023 16:21:20
87,30,10710,11412,574,9947,4044,37099,17659,10009,0apple_88.jpg,18/06/2023 16:21:21
83,30,4243,11180,2206,5473,7707,22949,20275,9770,0apple_88.jpg,18/06/2023 16:21:22
83,41,9057,2924,6871,7291,5277,32065,16026,3333,0apple_88.jpg,18/06/2023 16:21:23
83,44,5536,11668,4357,7347,11029,31820,4593,7132,0apple_88.jpg,18/06/2023 16:21:24
83,44,1476,4640,2382,4190,2754,19803,10355,7370,0apple_89.jpg,18/06/2023 16:21:25
90,48,1188,6014,6168,1915,4011,30814,5566,4697,0apple_89.jpg,18/06/2023 16:21:26
90,37,1820,10729,2879,5064,12072,37700,10499,12316,0apple_89.jpg,18/06/2023 16:21:27
84,50,1642,3331,9168,5871,5795,14873,12207,11030,0apple_89.jpg,18/06/2023 16:21:28
81,48,15025,10274,3593,5078,4136,28219,19242,5498,0apple_89.jpg,18/06/2023 16:21:29
75,56,7741,4289,7152,3841,3565,16394,20220,4908,0apple_89.jpg,18/06/2023 16:21:30
61,67,3225,14923,7565,2738,5992,7844,15415,3214,0apple_89.jpg,18/06/2023 16:21:31
64,54,3344,9709,2848,5031,2452,25077,23319,8162,0apple_90.jpg,18/06/2023 16:21:32
63,56,4532,8062,4641,4452,6247,21846,11220,7249,0apple_90.jpg,18/06/2023 16:21:33
60,54,3818,10346,6324,3740,3199,12586,38213,14628,0apple_90.jpg,18/06/2023 16:21:34
66,61,5931,8397,14525,3394,877,20253,7379,1893,0apple_90.jpg,18/06/2023 16:21:35
63,75,6287,4060,30315,9170,10949,37897,8915,8694,0apple_90.jpg,18/06/2023 16:21:36
50,64,4445,50531,2148,4595,4921,11895,11407,7524,0apple_90.jpg,18/06/2023 16:21:37
50,67,17184,8780,3367,17662,10459,19665,15851,12656,0apple_90.jpg,18/06/2023 16:21:38
47,61,1218,21866,8390,3927,5854,17296,22088,15285,0apple_91.jpg,18/06/2023 16:21:39
48,53,1994,4852,9448,5094,7482,26147,9373,21494,0apple_91.jpg,18/06/2023 16:21:40
69,61,3562,1596,4588,2980,6326,28598,5510,9250,0apple_91.jpg,18/06/2023 16:21:41
83,50,7090,3194,8014,4719,4397,55267,7509,3274,0apple_91.jpg,18/06/2023 16:21:42
94,47,2974,7862,8791,781,3533,37929,18925,5415,0apple_91.jpg,18/06/2023 16:21:43
96,47,8552,2574,3400,14859,9319,33935,8680,12531,0apple_91.jpg,18/06/2023 16:21:44
97,40,5434,5039,1663,3336,2026,35572,10853,2673,0apple_91.jpg,18/06/2023 16:21:45
90,50,2540,4809,14588,7984,11193,32556,7843,6228,0apple_92.jpg,18/06/2023 16:21:46
93,41,4666,6609,586,3655,8034,32892,14951,12830,0apple_92.jpg,18/06/2023 16:21:47
87,40,2274,13858,8112,4670,7365,18135,16319,5433,0apple_92.jpg,18/06/2023 16:21:48
81,48,6764,6777,8438,1906,6984,30840,28048,3186,0apple_92.jpg,18/06/2023 16:21:49
81,41,8232,7869,2757,7276,5040,23478,11868,5420,0apple_92.jpg,18/06/2023 16:21:50
75,53,7897,10564,3992,10077,3518,42292,15300,8783,0apple_92.jpg,18/06/2023 16:21:51
83,47,9264,12984,4107,7197,5919,40855,19697,10996,0apple_92.jpg,18/06/2023 16:21:52
69,41,98441,47527,5842,4678,2220,23775,13389,6475,0apple_93.jpg,18/06/2023 16:21:53
78,24,10775,7971,1218,2324,7470,44341,17851,6733,0apple_93.jpg,18/06/2023 16:21:54
69,29,8270,28973,19691,4895,4692,27425,16459,13964,0apple_93.jpg,18/06/2023 16:21:55
70,26,4929,6101,3636,2215,5102,27939,9399,12580,0apple_93.jpg,18/06/2023 16:21:56
88,34,7781,3898,8245,6101,2317,50910,25875,5801,0apple_93.jpg,18/06/2023 16:21:57
80,51,6564,7027,8343,3581,4010,27707,14090,10170,0apple_93.jpg,18/06/2023 16:21:58
88,48,1172,10626,2110,13142,6664,29608,3975,4810,0apple_93.jpg,18/06/2023 16:21:59
80,66,6554,3329,24871,5028,3392,31514,6952,5358,0apple_94.jpg,18/06/2023 16:22:00
75,56,2226,17871,5087,1506,5212,32015,8476,3944,0apple_94.jpg,18/06/2023 16:22:01
64,43,19087,32514,2514,1364,4232,15886,15898,5889,0apple_94.jpg,18/06/2023 16:22:02
54,40,16741,24333,3548,7500,6374,13142,10370,7179,0apple_94.jpg,18/06/2023 16:22:03
61,26,2517,2288,1600,2973,1049,15302,12495,15267,0apple_94.jpg,18/06/2023 16:22:04
57,41,6967,6875,7168,6977,2701,19347,8112,8533,0apple_94.jpg,18/06/2023 16:22:05
70,48,3529,6468,2552,3341,5024,28162,10324,5276,0apple_94.jpg,18/06/2023 16:22:06
87,43,9864,11931,4940,4692,6643,46708,12478,6461,0apple_94.jpg,18/06/2023 16:22:07
80,35,11162,12148,1681,1775,1860,14850,1424,1199,0apple_94.jpg,18/06/2023 16:22:08
74,34,34246,44076,10533,19185,8594,33476,14060,11785,0apple_94.jpg,18/06/2023 16:22:09
74,30,5004,11073,4571,4122,6271,44522,21531,9068,0apple_94.jpg,18/06/2023 16:22:10
66,30,26254,23551,2537,7240,8564,29603,21869,15084,0apple_94.jpg,18/06/2023 16:22:11
67,30,10778,32587,8011,2700,7653,54140,10753,14993,0apple_94.jpg,18/06/2023 16:22:12
